name,phone
Abdur Rouf,917578988856
Abdur Rouf,8436946154
Abdur Rouf,7679076354
Abdur Rouf,9582733534
Amit Kumar Agarwal,9837030582
Amit kumar Agarwal,9883785241
Amit Kumar Agarwal,7029730332
Amit kumar agarwal,9674322111
Amit Kumar Agarwal,9953676469
Amit Kumar Agarwal,9999038302
Amit Kumar Agarwal,9811191517
Amit Kumar Agarwal,9910027669
Amit Kumar Agarwal,9899546733
Amit Kumar Agarwal,9811518689
Amit Kumar Agarwal,8860080157
Amit Kumar Agarwal,7838590183
Amit Kumar Agarwal,9582602116
Amit Kumar Agarwal,9899292807
Amit Kumar Agarwal,9953881693
Amit Kumar Agarwal,9654992313
Amit Kumar Agarwal,9999598330
Amit Kumar Agarwal,9999798905
Amit Kumar Agarwal,9899816677
Amit Kumar Agarwal,9560979411
Amit Kumar Agarwal,9911122275
Amit Kumar Agarwal,9899116064
Amit Kumar Agarwal,9654945652
Amit Kumar Agarwal,9810706668
Amit Kumar Agarwal,9999460041
Amit Kumar Agarwal,9811120520
Amit Kumar Agarwal,9582600158
Amit Kumar Agarwal,9616561239
Amit Kumar Agarwal,9861218853
Amit Kumar Agarwal,9839888511
Amit Kumar Agarwal,9634825100
Amit Kumar Agarwal,9412277110.0
Amit Kumar Agarwal,9359509080.0
Amit Kumar Agarwal,9136733477.0
Arun Rathi,7008774678
Arun Rathi,9811141155
Arun Rathi,9999354544
Arun Rathi,9811425745
Arun Rathi,8588876918
Arun Rathi,9811232067.0
arun rathi,919337322296
ARUN RATHI,919426810236
Arun Rathi,919903025597
DINESH PAREEK,9460007117
Dinesh pareek,918619755387
Dinesh Pareek,93260 87174
Dinesh Pareek,9924375500
Dinesh Pareek,9717919997
dinesh pareek,9843189444
Dinesh Pareek,9694306443
Dinesh Pareek,8866044232
Dinesh Pareek,9829060098.0
Dinesh Pareek,9900956559.0
Dinesh Pareek,8003974829.0
Dinesh Pareek,919999206727
dinesh pareek,919898871630
Gaurav jain,918770058015
Gaurav Jain,918587890257
Gaurav Jain,7859997131
Gaurav jain,8446541369
Gaurav jain,93588 02262
Gaurav jain,6003888095
gaurav jain,9818843548
gaurav jain,9810831612
Gaurav jain,8602175011
Gaurav Jain,9643123180
Gaurav Jain,7830776385
Gaurav jain,9582454243
Gaurav jain,6377769605
Gaurav Jain,917015206566
Gaurav Jain,7289992372
Gaurav jain,918385900000
Gaurav Jain,919341350974
Gaurav jain,919891705719
Gaurav Jain,9035587073
Gaurav jain,918810545064
Gaurav Jain,9818636008
Gaurav Jain,8965072989
Gaurav jain,8502915106
Gaurav Jain,95823 86183
Gaurav Jain,9993993033
gaurav jain,9871270387
GAURAV JAIN,9828514391
GAURAV JAIN,8448548048
Gaurav Jain,9257383589
Gaurav jain,8962344327
Gaurav jain,919575433458
Gaurav Jain,7503152320
Gaurav Jain,7987486898
Gaurav Jain,9110284157
Gaurav Jain,99903 63345
Gaurav Jain,919420366096
Gaurav jain,7014374971
Gaurav jain,9837089527
Gaurav Jain,9893519110
Gaurav Jain,9840528787
Gaurav Jain,9837885581
Gaurav jain,8602996169
Gaurav jain,9911838343
Gaurav Jain,9664389052
Gaurav jain,8511263451
Gaurav Jain,7827634069
Gaurav Jain,7977885082
Gaurav Jain,8989233406
Gaurav jain,8770558905
Gaurav Jain,7999653951
Gaurav jain,7705952929
Gaurav Jain,8319218725
Gaurav Jain,7339809709
Gaurav jain,09213536481
Gaurav Jain,7014418338
Gaurav jain,7982336276
Gaurav Jain,9313024042
Gaurav Jain,8976905055
Gaurav Jain,9811937572
Gaurav Jain,9579015537
Gaurav jain,9782058311
Gaurav Jain,9830800998
Gaurav jain,8488039568
Gaurav jain,6265412290
Gaurav Jain,9812870300
Gaurav Jain,9845835969
GAURAV JAIN,9036695669
GAURAV Jain,9810870192
Gaurav jain,8010895103
Gaurav Jain,6204772500
Gaurav Jain,9814751496
Gaurav jain,9785672191
Gaurav Jain,8849168823
Gaurav jain,9926578603
Gaurav Jain,9024830012
Gaurav jain,99990 29224
Gaurav Jain,9996649550
Gaurav jain,9310417246
Gaurav Jain,9845190094
Gaurav Jain,9501721773
Gaurav jain,8630391910
Gaurav Jain,7027033176
Gaurav Jain,9827288960
Gaurav Jain,9899460057
Gaurav jain,9711385854
Gaurav jain,8875377757
Gaurav Jain,6260543728
Gaurav Jain,8422916008
gaurav jain,9993696125
gaurav jain,9860341426
Gaurav Jain,9900495408
GAURAV JAIN,9910244154
Gaurav Jain,9582775503
Gaurav JAIN,8933993333
GAURAV JAIN,9997145145
Gaurav Jain,9711205694
Gaurav Jain,9711261013
Gaurav Jain,9711406381
Gaurav Jain,9711816955
Gaurav Jain,9711851180
Gaurav Jain,9711931616
Gaurav Jain,9711899670
Gaurav Jain,9711992005
Gaurav Jain,9899996435
Gaurav Jain,9910355959
Gaurav Jain,9718712800
Gaurav Jain,9868992992
Gaurav Jain,9990640609
Gaurav Jain,9899756481
Gaurav Jain,9873273997
Gaurav Jain,9910161715
Gaurav Jain,9810678596
Gaurav Jain,9811890096
Gaurav Jain,9811625752
Gaurav Jain,9953576277
Gaurav Jain,9811199754
Gaurav Jain,9811715145
Gaurav Jain,9818732344
Gaurav Jain,9899560698
Gaurav Jain,9873231098
Gaurav Jain,9999537991
Gaurav Jain,9999513843
Gaurav Jain,9811410541
Gaurav Jain,9899476512
Gaurav Jain,9999307018
Gaurav Jain,9968462376
Gaurav Jain,9873017883
Gaurav Jain,9953674720
Gaurav Jain,8376800527
Gaurav Jain,9899981968
Gaurav Jain,9811046241
Gaurav Jain,9899237711
Gaurav Jain,9899959707
Gaurav Jain,9999925505
Gaurav Jain,9899544509
Gaurav Jain,9953741717
Gaurav Jain,9999990611
Gaurav Jain,9999305352
Gaurav Jain,9899184454
Gaurav Jain,9899846267
Gaurav Jain,9999675765
Gaurav Jain,9810817788
Gaurav Jain,9873702110
Gaurav Jain,9873829910
Gaurav Jain,9958366007
Gaurav Jain,9999997517
Gaurav Jain,9999913352
Gaurav Jain,9873912289
Gaurav Jain,9873350607
Gaurav Jain,9811601987
Gaurav Jain,9811748935
Gaurav Jain,9873710502
Gaurav Jain,9811981233
Gaurav Jain,9873007952
Gaurav Jain,9999845910
Gaurav Jain,7838455383
Gaurav Jain,9654529955
Gaurav Jain,7838372004
Gaurav Jain,9899277990
Gaurav Jain,9873914956
Gaurav Jain,7838018599
Gaurav Jain,7838409037
Gaurav Jain,8447088709
Gaurav Jain,9711076000
Gaurav Jain,9711134463
Gaurav Jain,9716734660
Gaurav Jain,9871289404
Gaurav Jain,9899790339
Gaurav Jain,9899528167
Gaurav Jain,9953520321
Gaurav Jain,9891349060
Gaurav Jain,9953035805
Gaurav Jain,9953460901
Gaurav Jain,7838005590
Gaurav Jain,8860126271
Gaurav Jain,8860893403
Gaurav Jain,9212292627
Gaurav Jain,9212369247
Gaurav Jain,9310537381
Gaurav Jain,9643326465
Gaurav Jain,9971314441
Gaurav Jain,9873696180
Gaurav Jain,9999466422
Gaurav Jain,9811693636
Gaurav Jain,9311110432
Gaurav Jain,9999013807
Gaurav Jain,8588841429
Gaurav Jain,8860743885
Gaurav Jain,9999145599
Gaurav Jain,9999336218
Gaurav Jain,9899110345
Gaurav Jain,9999143143
Gaurav Jain,7428248688
Gaurav Jain,8447587775
Gaurav jain,9811134567
Gaurav Jain,9810861629
Gaurav Jain,7503207398
Gaurav Jain,7838419351
Gaurav Jain,8010104869
Gaurav Jain,8376906098
Gaurav Jain,8587867779
Gaurav Jain,8588864586
Gaurav Jain,8800100101
Gaurav Jain,8800880051
Gaurav Jain,9350497788
Gaurav Jain,9711740073
Gaurav Jain,9958400607
Gaurav Jain,9811701551
Gaurav Jain,9999692688
Gaurav Jain,9899012256
Gaurav Jain,9953972789
Gaurav Jain,9811962908
Gaurav Jain,9711001928
Gaurav Jain,9999080448
Gaurav Jain,9711597277
Gaurav Jain,9899330999
Gaurav Jain,7042201789
Gaurav Jain,7827189552
Gaurav Jain,9311802640
Gaurav Jain,9582094014
Gaurav Jain,9718573789
Gaurav Jain,9911801141
Gaurav Jain,9891051661
Gaurav Jain,9999746838
Gaurav Jain,9899005362
Gaurav Jain,9999008403
Gaurav Jain,9999370071
Gaurav Jain,9873420567
Gaurav Jain,9899060869
Gaurav Jain,9999111343
Gaurav Jain,9999300892
Gaurav Jain,9899466443
Gaurav Jain,9999774908
Gaurav Jain,9811209007
Gaurav Jain,9873677510
Gaurav Jain,9899582395
Gaurav Jain,9873101130
Gaurav Jain,9999896703
Gaurav Jain,9811370853
Gaurav Jain,8447133456
Gaurav Jain,9212539489
Gaurav Jain,9811112903
Gaurav Jain,9818025728
Gaurav Jain,9999055781
Gaurav Jain,9873245925
Gaurav Jain,9899078254
Gaurav Jain,7838406406
Gaurav Jain,8586924822
Gaurav Jain,8588842058
Gaurav Jain,8826519274
Gaurav Jain,8860339988
Gaurav Jain,9311186150
Gaurav Jain,9582773910
Gaurav Jain,9711500789
Gaurav Jain,9711895099
Gaurav Jain,9811114621
Gaurav Jain,9811227742
Gaurav Jain,9811639294
Gaurav Jain,9899629729
Gaurav Jain,9899976969
Gaurav Jain,9953972895
Gaurav Jain,9999809470
Gaurav Jain,9999934793
Gaurav Jain,9999926269
Gaurav Jain,9873671331
Gaurav Jain,9654336633
Gaurav Jain,9711131511
Gaurav Jain,9899752663
Gaurav Jain,9899266766
Gaurav Jain,9811434156
Gaurav Jain,7838091794
Gaurav Jain,9953156789
Gaurav Jain,9873415898
Gaurav Jain,9899662428
Gaurav Jain,9999653330
Gaurav Jain,9711056789
Gaurav Jain,9899614040
Gaurav Jain,9873310310
Gaurav Jain,9811640318
Gaurav Jain,9999400960
Gaurav Jain,9899196793
Gaurav Jain,9873252910
Gaurav Jain,9999157677
Gaurav Jain,9811416072
Gaurav Jain,9811174162
Gaurav Jain,9899444522
Gaurav Jain,9999221570
Gaurav jain,9899784266
Gaurav Jain,9873208020
Gaurav Jain,9999700109
Gaurav Jain,9873902690
Gaurav Jain,9899788133
Gaurav Jain,9999327125
Gaurav Jain,9811486150
Gaurav Jain,9811201922
Gaurav Jain,9999987043
Gaurav Jain,9999169222
Gaurav Jain,9654685577
Gaurav Jain,9650036430
Gaurav Jain,9873778071
Gaurav Jain,9873603399
Gaurav Jain,9899048428
Gaurav Jain,9899360560
Gaurav Jain,9811081050
Gaurav Jain,9873540400
Gaurav Jain,9999466666
Gaurav Jain,9899132250
Gaurav Jain,9899663670
Gaurav Jain,9953119809
Gaurav Jain,9899331100
Gaurav Jain,9999779196
Gaurav Jain,9891159477
Gaurav Jain,8588801085
Gaurav Jain,9899115397
Gaurav Jain,7042336699
Gaurav Jain,7838100520
Gaurav Jain,7838141299
Gaurav Jain,7838385684
Gaurav Jain,7838404404
Gaurav Jain,7838439449
Gaurav Jain,7838774007
Gaurav Jain,7838830033
Gaurav Jain,8373912583
Gaurav Jain,8373937237
Gaurav Jain,8505969323
Gaurav Jain,8588809633
Gaurav Jain,8588900181
Gaurav Jain,8860008331
Gaurav Jain,9015493119
Gaurav Jain,9213496517
Gaurav Jain,9311063800
Gaurav Jain,9312668040
Gaurav Jain,9312802230
Gaurav Jain,9312900443
Gaurav Jain,9582283056
Gaurav Jain,9582647874
Gaurav Jain,9582734000
Gaurav Jain,9643844612
Gaurav Jain,9643895563
Gaurav Jain,9654234000
Gaurav Jain,9654549428
Gaurav Jain,9015542842
Gaurav Jain,9811747674
gaurav jain,9818843548
Gaurav Jain,9999033910
Gaurav Jain,9718633668
GAURAV JAIN,9999630444
gaurav jain,9810924026
Gaurav Jain,9899151120
Gaurav Jain,9810973451
GAURAV JAIN,9811920747
Gaurav Jain,9650272105
GAURAV JAIN,9873767628
Gaurav Jain,9910065470
gaurav jain,9958981269
gaurav jain,9999040294
Gaurav jain,9810793293
Gaurav Jain,9958826189
GAURAV JAIN,8882863379
Gaurav Jain,9971029059
Gaurav Jain,9015021406
Gaurav Jain,9323587887
Gaurav Jain,9319840352
Gaurav Jain,9301533301
gaurav Jain,9310590528
Gaurav Jain,9253101900
Gaurav Jain,9215839496
Gaurav Jain,9214343661
Gaurav Jain,9212605990
Gaurav Jain,8941114888
Gaurav Jain,8905026226
Gaurav Jain,8655211101
Gaurav Jain,8387000010
Gaurav Jain,9810119346
Gaurav Jain,8087020600
Gaurav Jain,8110414013
Gaurav Jain,8109751332
Gaurav Jain,8452962926
Gaurav Jain,9818099390
Gaurav Jain,9815912520
Gaurav Jain,9811825256
Gaurav Jain,9814634343
Gaurav Jain,9815141999
Gaurav Jain,9815397173
Gaurav Jain,9812333758
Gaurav Jain,9810454230
Gaurav Jain,9810444753
Gaurav Jain,9810845532
Gaurav Jain,9811257922
Gaurav Jain,9810150529
Gaurav Jain,2232710306
Gaurav Jain,9717043987
gaurav jain,9819195759
gaurav jain,9911794777
Gaurav Jain,9914005259
Gaurav jain,8197388652
GAURAV JAIN,1123863259
Gaurav Jain,8561840802
Gaurav Jain,9831436005
Gaurav Jain,9810301647
Gaurav Jain,9837077095
GAURAV JAIN,9784856472
Gaurav Jain,9810176552
Gaurav Jain,9971400440
Gaurav Jain,9560033422
Gaurav Jain,9880712368
Gaurav Jain,8698789998
Gaurav Jain,9873153598
Gaurav Jain,9452244500
Gaurav Jain,9429565245
Gaurav Jain,9827637345
Gaurav Jain,9971960451
gaurav jain,9456921605
Gaurav Jain,9382194201
Gaurav Jain,9811419525
Gaurav Jain,9826420657
Gaurav Jain,8439238236
Gaurav Jain,9972288755
Gaurav Jain,8766697880
gaurav jain,9013058401
gaurav jain,9412456700
Gaurav Jain,9717375272
Gaurav Jain,8800770113
Gaurav Jain,9911331116
Gaurav Jain,9892660624
Gaurav Jain,9892746789
Gaurav Jain,9915663004
GAURAV JAIN,9126633301
Gaurav Jain,9406585209
gaurav jain,9891141469
Gaurav Jain,8586946290
Gaurav Jain,7045007906
Gaurav Jain,9958777313
Gaurav Jain,9819068390
Gaurav jain,9950502094
Gaurav Jain,7357856068
gaurav jain,9252252525
Gaurav Jain,7312477738
Gaurav Jain,9619569681
Gaurav Jain,9871371159
Gaurav Jain,8380096282
Gaurav Jain,8285625679
Gaurav Jain,9871418643
GAURAV JAIN,9810001395
Gaurav Jain,9529345565
Gaurav Jain,9980900900
Gaurav Jain,8890062011
Gaurav Jain,9818049683
Gaurav Jain,9756623528
Gaurav Jain,9871436937
Gaurav Jain,9376687899
Gaurav Jain,9999883108
Gaurav jain,9871844292
gaurav jain,9810104600
Gaurav jain,8446168663
Gaurav Jain,9752266711
Gaurav Jain,9891111234
Gaurav Jain,8197096655
Gaurav Jain,9926058881
Gaurav Jain,9913965500
Gaurav Jain,9899677007
Gaurav Jain,9899390123
Gaurav Jain,9887441122
Gaurav Jain,9891921529
Gaurav Jain,9888468310
Gaurav Jain,9872215212
Gaurav Jain,9827951415
Gaurav Jain,9829022024
Gaurav Jain,9825505054
Gaurav Jain,9650178400
Gaurav Jain,9602421307
Gaurav Jain,9414893992
Gaurav Jain,9412273291
Gaurav Jain,9417040075
Gaurav Jain,9352625147.0
Gaurav Jain,9313958880.0
Gaurav Jain,7138599465.0
Gaurav Jain,9555755060.0
gaurav jain,9999143806.0
Gaurav Jain,7838010098.0
Gaurav Jain,9829408299.0
Gaurav Jain,9830076708.0
Gaurav Jain,9227230010.0
Gaurav Jain,9560559666.0
gaurav jain,9413193954.0
Gaurav Jain,9829149659.0
Gaurav Jain,9252828888.0
Gaurav jain,9781296882.0
Gaurav Jain,9868187253.0
GAURAV JAIN,9810374299.0
Gaurav Jain,9891722080.0
Gaurav Jain,9971741183.0
Gaurav Jain,9818996971.0
Gaurav Jain,9990101116.0
Gaurav Jain,8860038888.0
Gaurav Jain,9810478370.0
Gaurav Jain,9999694035.0
Gaurav Jain,9891160096.0
Gaurav Jain,9311521193.0
Gaurav Jain,9711333107.0
Gaurav Jain,9811224964.0
Gaurav Jain,9212492601.0
Gaurav Jain,9836068832.0
Gaurav Jain,9838501172.0
Gaurav Jain,9658224365.0
Gaurav Jain,9930312626.0
Gaurav Jain,9669900222.0
Gaurav Jain,9783077788.0
Gaurav Jain,9461567444.0
Gaurav Jain,9389990880.0
Gaurav Jain,9425149301.0
Gaurav Jain,9425064140.0
Gaurav Jain,9914555584.0
Gaurav Jain,9313447631.0
Gaurav Jain,9377483143.0
Gaurav Jain,9810217251.0
Gaurav Jain,9323218945.0
Gaurav Jain,9826633301.0
Gaurav Jain,9219666653.0
Gaurav Jain,9350435626.0
Gaurav Jain,9312606510.0
Gaurav Jain,9899288136.0
Gaurav Jain,8699923058.0
Gaurav Jain,9501276300.0
Gaurav Jain,9914909016.0
Gaurav Jain,9818211077.0
Gaurav Jain,9953720450.0
Gaurav Jain,9810273058.0
Gaurav Jain,9805002000.0
Gaurav Jain,8305555607.0
GAURAV JAIN,919910235515
GAURAV JAIN,919350123455
Gaurav Jain,919227143471
GAURAV JAIN,919810937326
Gaurav Jain,919825577699
Gaurav Jain,919829149659
GAURAV JAIN,919930833166
gaurav jain,919785217475
GAURAV JAIN,919810354774
GAURAV JAIN,919827951415
GAURAV JAIN,919990707563
Gaurav Jain,919561050083
gaurav jain,919336240003
gaurav JAIN,919720243377
gaurav jain,919826071035
GAURAV JAIN,919811306120
GAURAV JAIN,919873780149
Gaurav Jain,919810535597
gaurav jain,919920305878
GAURAV JAIN,919740522047
GAURAV JAIN,919424141618
gaurav jain,919910258757
Gaurav Jain,919359932260
gaurav jain,919971029059
Gaurav Jain,919815100422
GAURAV JAIN,918080028355
Gaurav Jain,919981653334
gaurav jain,919030355153
gaurav jain,919872464143
GAURAV JAIN,919417255584
GAURAV JAIN,919369837126
Gaurav Jain,919935667504
Gaurav Jain,919302146431
GAURAV JAIN,919049990087
GAURAV JAIN,919871371159
gaurav jain,919768199145
GAURAV JAIN,919810702710
GAURAV JAIN,919860024805
Gaurav Jain,919711155781
GAURAV JAIN,919896733646
gaurav jain,919928524333
GAURAV JAIN,919958400607
Gaurav Jain,919826670256
gaurav jain,919313179901
Gaurav Jain,919793720009
Gaurav Jain,919909036361
gaurav jain,919011398447
GAURAV JAIN,918010515987
gaurav jain,919311110432
gaurav jain,919818239749
GAURAV JAIN,919350545988
GAURAV JAIN,919899086941
Gaurav Jain,919833982857
Gaurav Jain,919927431241
GAURAV JAIN,919999700109
gaurav jain,919886672346
Gaurav Jain,919998673489
GAURAV JAIN,919540062022
GAURAV JAIN,919933395895
GAURAV JAIN,919368226032
gaurav jain,919425070083
gaurav jain,919960521827
GAURAV JAIN,919879101287
GAURAV JAIN,919967502301
gaurav jain,919888904919
Gaurav Jain,919999692688
GAURAV JAIN,9163319643
GAURAV JAIN,919783238744
gaurav jain,919414991441
GAURAV JAIN,919899703251
GAURAV JAIN,919838501020
gaurav jain,919930064074
Gaurav Jain,919425143670
Gaurav Jain,9171108510
gaurav jain,919887953389
GAURAV JAIN,919837373945
gaurav jain,919867273670
Gaurav Jain,919092892600
gaurav jain,919319369090
gaurav jain,919415072664
GAURAV JAIN,919828514391
gaurav jain,919920018729
GAURAV JAIN,919805843072
GAURAV JAIN,919319941414
Gaurav Jain,919958110710
Gaurav Jain,919839152332
Gaurav Jain,919414309298
GAURAV JAIN,919799128208
GAURAV JAIN,919423597673
gaurav jain,919810538306
gaurav jain,919891124084
GAURAV JAIN,919831364248
GAURAV JAIN,919892049467
GAURAV JAIN,919971006077
GAURAV JAIN,919826857597
GAURAV JAIN,919927073671
GAURAV JAIN,919425764646
Gaurav Jain,919910177327
GAURAV JAIN,919892175405
GAURAV JAIN,919911602800
gaurav jain,919425672284
GAURAV JAIN,9160103797
GAURAV JAIN,919312647483
Gaurav Jain,919879540310
GAURAV JAIN,919822994099
GAURAV JAIN,919818249574
gaurav jain,919977030559
GAURAV JAIN,919871436937
gaurav jain,919990870643
GAURAV JAIN,919789998262
GAURAV JAIN,919312671719
Gaurav Jain,919899010501
GAURAV JAIN,919871143366
GAURAV JAIN,919302389828
GAURAV JAIN,9756263202
GAURAV JAIN,9999105998
Indrani Talukdar,8638872103
Jahangir Alam,918822754121
Jahangir alam,919955028090
Jahangir alam,919508774220
Jahangir Alam,8116253029
Jahangir alam,917699890242
Jahangir Alam,9836421044
Jahangir Alam,7602809852
Jahangir Alam,6003393741
Jahangir Alam,9934502573
Jahangir Alam,9564368880
Jahangir Alam,8327417135
Jahangir alam,917289853483
jahangir alam,9779770154
Jahangir Alam,8349724888
Jahangir Alam,8826752820
Jahangir Alam,9006828747
Jahangir alam,918099423089
Jahangir Alam,9091885353
Jahangir Alam,6301421764
Jahangir alam,7797187348
Jahangir Alam,7549325647
Jahangir Alam,9800202555
Jahangir alam,8219170418
Jahangir Alam,6001497418
Jahangir Alam,9733782621
Jahangir alam,9547435533
Jahangir Alam,09815815757
Jahangir Alam,8974302448
Jahangir Alam,9064286922
Jahangir Alam,8927245646
Jahangir alam,8294508788
Jahangir Alam,8017120436
Jahangir Alam,9825838203
Jahangir Alam,9717866786
Jahangir Alam,9013061786
Jahangir Alam,9911300510
Jahangir Alam,9899574754
Jahangir Alam,8860239900
Jahangir Alam,9873926150
Jahangir Alam,9953244270
Jahangir Alam,8588813116
Jahangir Alam,8860083971
Jahangir Alam,9002727154
Jahangir Alam,8022117019
Jahangir Alam,9051021080
Jahangir Alam,9891331952
Jahangir Alam,9893629840
Jahangir Alam,9153596229.0
Jahangir Alam,9564956552.0
Jahangir Alam,919569802933
jahangir alam,919955159288
Kaustav dutta,916290599653
Kaustav Dutta,8582941801
Kaustav Dutta,9635816601
Manash jyoti Chetia,8638416737
Manish singh,919696013637
Manish Singh,919137273461
Manish Singh,919599631292
Manish Singh,70117 57859
Manish Singh,919758288425
Manish singh,919643438672
Manish Singh,916393350294
Manish Singh,8200861591
Manish Singh,918052525056
Manish singh,9911145164
Manish Singh,8052052539
Manish singh,919470714991
Manish singh,919711722388
Manish singh,919129983711
Manish Singh,8400034407
Manish singh,919120231526
Manish Singh,8955579327
Manish Singh,918160248375
Manish Singh,6290812186
manish Singh,919693732669
Manish singh,918743973034
Manish singh,919336344994
Manish Singh,917903778422
Manish singh,917270920874
Manish Singh,919616532061
Manish Singh,8954987907
Manish Singh,9821680299
Manish Singh,7851067321
Manish singh,918954499940
Manish singh,918755705201
Manish Singh,918602345616
Manish Singh,9811327229
manish singh,9241104985
Manish singh,917565864047
Manish Singh,917856910031
Manish Singh,9321752872
Manish singh,917073834908
Manish singh,7017588906
Manish singh,918828245567
Manish Singh,919330643693
manish singh,9639299885
Manish Singh,919022703870
Manish Singh,8349817777
Manish Singh,918349817777
Manish Singh,918755388564
Manish singh,919416977270
Manish Singh,9307289803
Manish Singh,93544 94518
Manish Singh,9664612210
Manish Singh,7011705019
Manish Singh,7596902380
Manish Singh,916200764960
Manish Singh,8777529096
Manish Singh,9927645435
MANISH SINGH,6201076441
Manish Singh,918484923857
Manish Singh,9878317727
Manish singh,919528162001
Manish singh,919587096428
Manish Singh,8603688180
Manish Singh,9415730231
Manish singh,918777247610
Manish Singh,6306566226
Manish Singh,918962997857
Manish Singh,917061554282
Manish Singh,7561916419
Manish singh,919102964170
Manish singh,919466377948
Manish Singh,918707037362
Manish Singh,918887765509
Manish Singh,8700975547
manish singh,9872844157
Manish singh,9949597071
Manish Singh,9110075988
Manish Singh,9998244332
Manish Singh,7999708863
Manish Singh,918287130982
Manish Singh,8285087674
manish singh,917838596640
Manish Singh,7985206804
Manish Singh,9758180280
Manish Singh,9644044351
Manish singh,918877494991
Manish singh,917818014670
Manish Singh,918104264918
Manish Singh,918800789363
Manish Singh,919794810658
Manish Singh,919111487169
Manish Singh,919974569389
Manish Singh,8400211363
Manish Singh,7351886531
Manish singh,9199729107
Manish Singh,8054230299
Manish singh,98083 68060
Manish Singh,916268530480
Manish Singh,9162022510
Manish Singh,919341768779
Manish Singh,9532401355
Manish Singh,917037567129
Manish Singh,8528562814
Manish Singh,62025 02415
Manish Singh,919667262288
Manish Singh,8700076972
Manish Singh,8437521308
Manish Singh,918591071831
Manish singh,916399600428
Manish singh,9310853290
Manish Singh,7004939135
manish singh,9205899649
Manish Singh,918210444683
Manish singh,919022845402
Manish singh,8097186692
Manish Singh,8368091226
Manish Singh,916367397699
Manish Singh,8810682323
Manish Singh,7547810601
Manish Singh,9234618132
Manish Singh,7017891387
Manish Singh,919696876555
Manish Singh,919608606429
manish singh,7985607313
Manish Singh,919838082493
Manish Singh,7379285322
MANISH SINGH,9415445011
Manish singh,7007080027
Manish Singh,8935918306
Manish Singh,7201972734
Manish Singh,8450921206
Manish Singh,9810953152
Manish singh,919999387875
Manish singh,6203273805
Manish Singh,919696718980
Manish singh,8376826965
Manish Singh,9931354232
Manish Singh,7355411550
Manish Singh,9582524437
Manish Singh,9810543911
Manish Singh,9931117979
Manish singh,917375942455
Manish Singh,917209944284
Manish Singh,7070955970
Manish singh,6207212346
Manish Singh,917007137099
Manish Singh,8299328984
Manish Singh,9999375384
Manish singh,919473550345
MANISH SINGH,8810466131
Manish Singh,918368614175
Manish Singh,9667495719
Manish Singh,9676815661
Manish singh,919810540071
MANISH SINGH,9899567856
Manish Singh,917509696721
Manish Singh,919027218987
Manish singh,8004500000
Manish Singh,918210766153
Manish Singh,9764165987
Manish Singh,8856960038
Manish singh,919871884656
MANISH SINGH,9377581457
Manish Singh,918573857369
Manish singh,919001874705
Manish Singh,8426073029
Manish Singh,919167826637
Manish Singh,8307311396
Manish singh,9471648424
Manish Singh,7007119667
Manish Singh,6207377599
Manish Singh,9650089285
Manish singh,8617060180
Manish Singh,919454139537
MANISH Singh,9870803319
Manish singh,7425061507
Manish Singh,7870882926
manish singh,8431829426
Manish Singh,8898738210
Manish singh,916263017478
Manish Singh,919082306106
Manish singh,9557104323
Manish singh,9855383312
Manish Singh,9205178909
Manish Singh,7003040814
Manish Singh,8805563199
Manish Singh,9936281831
manish Singh,9304539364
Manish Singh,7532849389
manish singh,9305468858
Manish Singh,8210363342
manish singh,9327632435
Manish Singh,9905354981
Manish Singh,6205928259
manish singh,9334808416
Manish singh,9310557874
Manish Singh,8509690176
Manish Singh,7355105727
MANISH SINGH,9730479560
Manish singh,8887923140
Manish Singh,8518096254
Manish Singh,9415231857
Manish Singh,8307438047
Manish Singh,9140457655
Manish Singh,8839696748
Manish Singh,9935075180
Manish Singh,9052508821
Manish Singh,8319561887
Manish singh,6006641418
Manish singh,8368206378
Manish singh,8928967828
Manish Singh,90017 05205
Manish singh,6386218848
Manish Singh,7020374778
Manish singh,9830700113
Manish singh,8805555266
Manish Singh,8800534145
Manish Singh,9004680036
Manish Singh,9810937793
Manish Singh,9174131285
Manish singh,9935447331
Manish Singh,9948215733
Manish Singh,81919 35278
MANISH SINGH,7678325003
Manish Singh,6306925026
Manish Singh,7817970703
MANISH SINGH,9013819397
Manish Singh,7488928492
Manish singh,8530442800
Manish Singh,7838780463
Manish Singh,9560093053
MANISH SINGH,9038167370
Manish Singh,9650936477
Manish singh,9693499128
Manish Singh,7033264319
Manish singh,8302325942
Manish Singh,8181820379
Manish singh,9716888859
Manish Singh,7503638407
MANISH SINGH,8409231761
Manish singh,8318073770
Manish singh,9918280216
Manish Singh,7067781726
Manish singh,8114468583
Manish Singh,9681149577
Manish singh,9304898094
Manish Singh,8910169596
Manish singh,8920381551
Manish Singh,7615063512
Manish Singh,8920409438
Manish singh,7607045729
manish singh,8368787614
Manish Singh,9097041971
Manish Singh,9967110821
Manish Singh,9452376317
Manish Singh,8290351612
Manish Singh,8335884100
Manish Singh,9793805476
Manish Singh,9075194034
Manish Singh,9229040147
Manish Singh,9650580583
Manish Singh,8172995003
Manish singh,6306253002
Manish singh,9525640988
Manish singh,8707444371
Manish singh,6207080315
Manish Singh,7668927135
Manish singh,9517625834
Manish Singh,9667863313
Manish Singh,8077647184
Manish Singh,99318 35925
Manish Singh,9354069224
Manish Singh,7014500438
Manish Singh,7427040693
Manish Singh,7600063482
Manish singh,9006780691
Manish Singh,7906339961
Manish Singh,7004846419
Manish Singh,9129909942
Manish singh,9717580953
Manish Singh,8240355349
Manish Singh,9958113891
Manish singh,7061982570
Manish Singh,7000120479
Manish Singh,9473027907
Manish Singh,9335115264
Manish Singh,9871913438
Manish Singh,8292370301
Manish Singh,8576064081
Manish singh,9557899447
Manish singh,7408538620
Manish singh,7052003050
Manish Singh,9783673172
Manish Singh,9877559491
Manish Singh,9199159450
Manish Singh,9613005100
Manish singh,9798938332
Manish Singh,7091469181
Manish Singh,8287971008
Manish singh,9799554520
Manish singh,8299573126
Manish Singh,8790739574
Manish Singh,8276822231
MANISH SINGH,7895381777
Manish Singh,8102468734
Manish singh,9336690580
manish singh,9891485747
manish singh,9868340761
MANISH SINGH,9006814194
MANISH Singh,9740808222
Manish Singh,9711304432
Manish Singh,9711624945
Manish Singh,9716875952
Manish Singh,9716819325
Manish Singh,9999219459
Manish Singh,9718570095
Manish Singh,9953440188
Manish Singh,9871888587
Manish Singh,9899724464
Manish Singh,9999637116
Manish Singh,9971812266
Manish Singh,9999191329
Manish Singh,9873355745
Manish Singh,9999957606
Manish Singh,9899315564
Manish Singh,9873855808
Manish Singh,9899991006
Manish Singh,9899981334
Manish Singh,9811740875
Manish Singh,9911748765
Manish Singh,9873885530
Manish Singh,9999000307
Manish Singh,7838458800
Manish Singh,8860373305
Manish SIngh,9999333991
Manish Singh,8586930815
Manish Singh,9582577020
Manish Singh,8377000723
Manish Singh,8860039367
Manish Singh,8860404069
Manish Singh,9210381859
Manish Singh,9650146343
Manish Singh,9811188081
Manish Singh,9953771294
Manish Singh,9999302397
Manish Singh,9899720374
Manish Singh,8447747005
Manish Singh,8447748775
Manish Singh,9582216455
Manish Singh,9711800525
Manish Singh,9654027823
Manish Singh,9654335156
Manish Singh,9953659468
Manish Singh,9873210070
Manish Singh,8010040003
Manish Singh,8447570170
Manish Singh,8860641838
Manish Singh,9582223886
Manish Singh,9711117611
Manish Singh,9990432907
Manish Singh,9810535694
Manish Singh,9582311155
Manish Singh,9999899300
Manish Singh,9654871098
Manish Singh,9643491418
Manish Singh,9999054688
Manish Singh,9582805637
Manish Singh,9999499482
Manish Singh,9582786302
Manish Singh,9873608812
Manish Singh,9999296161
Manish Singh,9999759589
Manish Singh,7838131010
Manish Singh,8588811887
Manish Singh,8860004648
Manish Singh,8860651188
Manish Singh,9582906766
Manish Singh,9811925215
Manish Singh,9811197967
Manish Singh,9873432585
Manish Singh,9711304431
Manish Singh,8860009365
Manish Singh,9899969558
Manish Singh,9873600644
Manish Singh,9999516178
Manish Singh,9811080701
Manish Singh,9891765771
Manish Singh,9953756780
Manish Singh,9999766776
Manish Singh,8447818001
Manish Singh,8585999975
Manish Singh,8587002605
Manish Singh,8588803754
Manish Singh,8588867149
Manish Singh,8588998703
Manish Singh,8750783032
Manish Singh,8800482838
Manish Singh,8802392526
Manish Singh,9582752007
Manish Singh,9582844007
Manish Singh,9643687956
Manish Singh,9643825526
Manish Singh,9654189235
Manish Singh,9654549144
Manish Singh,9711126073
MANISH SINGH,9871975772
MANISH SINGH,9999433909
MANISH SINGH,9999991340
Manish Singh,9560675959
manish singh,9971613665
MANISH SINGH,9910811087
Manish singh,8376861230
MANISH SINGH,9990323443
Manish singh,7428590017
Manish Singh,9811890888
MANISH SINGH,9560425698
manish Singh,9711993746
MANISH SINGH,9971287446
Manish Singh,9891420602
Manish Singh,9891122572
Manish singh,8468005580
Manish Singh,9871520209
MANISH SINGH,9999896283
manish singh,7838418126
Manish Singh,9910999656
Manish Singh,7835030791
MANISH SINGH,9911005527
manish singh,7836969647
MANISH SINGH,8745891095
MANISH SINGH,9899058949
Manish Singh,9304055974
Manish Singh,9225582593
Manish Singh,9250895539
Manish Singh,9220547727
Manish Singh,9212036844
Manish Singh,9022746689
Manish Singh,9825091353
Manish Singh,8896034612
Manish Singh,8750391404
Manish Singh,8652876043
Manish Singh,8800230087
Manish Singh,8573018482
Manish Singh,8587981595
Manish Singh,8370000620
Manish Singh,9811750025
Manish Singh,9810293136
manish singh,7838561460
Manish Singh,9931468078
Manish Singh,9983234848
Manish Singh,9970385278
Manish Singh,9939698944
Manish Singh,8544281861
Manish SIngh,9013192140
Manish Singh,7895689652
manish singh,2228882727
manish singh,9807341692
Manish Singh,9808586423
Manish Singh,9643226855
manish Singh,9004524905
Manish singh,9322007788
Manish Singh,9350980673
Manish Singh,9835602728
manish singh,7875059763
Manish Singh,9004912827
Manish Singh,8287565702
Manish Singh,8505935766
Manish Singh,9742202099
Manish Singh,8010841703
Manish Singh,9916128790
Manish Singh,9810882829
MANISH SINGH,8461001332
Manish Singh,9923969778
Manish singh,7053048430
Manish Singh,8700149936
Manish Singh,7870544147
Manish Singh,8050915209
Manish Singh,9810929650
manish singh,8750477118
Manish Singh,9892902009
MANISH SINGH,9386868611
Manish Singh,9565555583
Manish Singh,7767983607
Manish Singh,9911922970
manish singh,9040802126
Manish Singh,8017568823
MANISH SINGH,9838750802
manish singh,9891365371
Manish Singh,9559444441
manish singh,8191007701
Manish Singh,9716918036
Manish Singh,9612661734
MANISH SINGH,9060126883
Manish Singh,9905573001
MANISH SINGH,9999979843
Manish Singh,9717755788
Manish Singh,8802511229
manish singh,9555042462
manish singh,7052984444
Manish Singh,8826204826
Manish Singh,9386523478
Manish Singh,9971716038
Manish Singh,7860088727
Manish Singh,8828227738
Manish Singh,9540400150
manish singh,9896465203
Manish Singh,9460136001
Manish Singh,9993837344
MANISH SINGH,9804125099
Manish Singh,9844004499
Manish Singh,9711722388
Manish Singh,9996320362
Manish Singh,9611177031
Manish Singh,8874726681
Manish Singh,9619428089
Manish Singh,8553173735
Manish Singh,9403955327
Manish Singh,8427730711
Manish Singh,9716338491
Manish Singh,7483754763
MANISH SINGH,9005494856
Manish Singh,9999159767
manish singh,9454089889
Manish Singh,9899997959
Manish Singh,9711144607
Manish Singh,9999439945
Manish Singh,9717625554
Manish Singh,7676577222
MANISH SINGH,9999695256
Manish Singh,8082395050
Manish Singh,8960648148
Manish Singh,7738271079
MANISH SINGH,7065864400
Manish Singh,9489301843
manish singh,9643975961
Manish Singh,9781618690
manish singh,9777442259
Manish Singh,9899180587
Manish Singh,9930285790
Manish Singh,9934333772
Manish Singh,9935841509
Manish Singh,9916128791
Manish Singh,9871090317
Manish Singh,9867092955
Manish Singh,9867342596
Manish Singh,9824081101
Manish Singh,9820762116
Manish Singh,9711070645
Manish Singh,9505506638
Manish Singh,9565375595
Manish Singh,9386938560
Manish Singh,9414059442
Manish Singh,9336886915.0
manish Singh,9311326426.0
Manish Singh,1244738000.0
Manish Singh,8524568964.0
Manish Singh,8527415656.0
Manish Singh,9716934374.0
Manish Singh,9320078178.0
Manish Singh,9320944566.0
Manish Singh,9004580548.0
Manish Singh,9926421011.0
Manish Singh,8802511785.0
Manish Singh,9990347428.0
Manish Singh,9650810492.0
Manish Singh,9336222427.0
Manish Singh,9953909087.0
Manish Singh,9312659099.0
Manish Singh,8739901706.0
Manish Singh,9734485860.0
Manish Singh,9769560569.0
Manish Singh,9412652649.0
Manish Singh,9811025215.0
Manish Singh,9999756416.0
Manish Singh,9458812259.0
Manish Singh,9305313389.0
Manish Singh,9433071489.0
Manish Singh,9460433673.0
Manish Singh,9222299924.0
Manish Singh,7742274899.0
Manish Singh,9268203996.0
Manish Singh,9824050784.0
Manish Singh,7379281247.0
Manish Singh,9718980093.0
Manish Singh,7897654345.0
Manish Singh,9013830095.0
Manish Singh,9979848772.0
manish singh,919310976735
MANISH SINGH,919654592006
MANISH SINGH,919810636347
MANISH SINGH,919920781912
Manish Singh,919890037572
Manish Singh,919899301025
manish singh,919899227601
MANISH SINGH,919873430213
manish singh,919450905750
Manish Singh,919873330301
MANISH SINGH,919436701962
MANISH SINGH,919818581345
MANISH SINGH,919922990599
Manish Singh,919849300056
MANISH SINGH,919833497993
Manish Singh,919819798719
MANISH SINGH,919760614401
MANISH SINGH,919752874281
manish singh,919993651943
manish singh,919839677772
Manish Singh,919892788202
manish singh,919756466195
manish singh,919897166869
MANISH SINGH,919903435932
manish singh,919717593722
manish singh,919997978977
manish singh,919776110055
MANISH SINGH,919878742288
manish singh,919871634333
manish singh,919993404555
manish singh,919810293136
MANISH SINGH,919015343746
manish singh,919435262048
Manish singh,919635721448
Manish Singh,919868718580
MANISH SINGH,919910068008
manish singh,9199249729
manish singh,919723811973
manish singh,919532769479
MANISH SINGH,919727774197
manish singh,919958892167
MANISH SINGH,919717700840
MANISH SINGH,919990681009
MANISH SINGH,919868079918
Manish Singh,919236876283
MANISH SINGH,919595554666
Manish Singh,919614143314
Manish Singh,919971812266
Manish Singh,9819798719
MANISH SINGH,9199729502
MANISH SINGH,9320379939
Manish Singh,9890037572
MANISH SINGH,9654706203
MANISH SINGH,9960234157
MANISH SINGH,9822314098
Meherul islam,919395313237
MEHERUL ISLAM,919641816611
Nilotpal Das,7002094583
NILOTPAL DAS,75760 03007
Nilotpal das,8135980045
Nilotpal Das,9711989000
Pintu Dey,917003392943
Prasenjit Deb,917005834735
Prasenjit Deb,9485094872
Prasenjit Deb,9681400526
Prasenjit Deb,9362948483
Rajen Singha,9064770851
Rajen Singha,8447757593
Rishi Khemka,9999100551
SACHIN GIRI,919761132313
Sachin Giri,918738939428
Sachin giri,917858854296
Sachin Giri,9420484711
Sachin Giri,7428061815
Sachin Giri,9348118772
Sachin Giri,8797308043
Sachin Giri,9063084072
Sachin Giri,8171971328
Sachin Giri,9756828895
Sachin Giri,9871519407
sachin giri,9798615068
Sachin Giri,9985122628
Sachin Giri,9833307311.0
sachin giri,9867757825
Sanjib Kumar Das,919831250493
Sanjib Kumar Das,918876163463
Sanjib Kumar Das,917086150714
Sanjib Kumar Das,9678659917
SANJIB KUMAR DAS,8328804417
Sanjib Kumar das,9348983766
Sanjib Kumar das,9804918013
Sanjib Kumar Das,9873914566
Sanjib Kumar Das,7838026447
Sanjib Kumar Das,9836254789
sanjib kumar das,7894562589
SANJIB KUMAR DAS,8981313005
Sanjib Kumar Das,9674070789
Satya prakash,47087629205
Satya prakash,8955153829
Satya Prakash,919523672787
Satya prakash,918952888552
Satya Prakash,918008213919
Satya prakash,917905948687
Satya prakash,918294844678
Satya Prakash,9450529635
Satya prakash,9450304260
Satya Prakash,917327896783
Satya Prakash,8409347123
Satya Prakash,8328460886
Satya Prakash,7237819795
Satya Prakash,918471029571
Satya Prakash,9102300570
Satya Prakash,916202717883
Satya Prakash,7266006866
Satya Prakash,8090906789
Satya prakash,917800990167
Satya prakash,9540306063
Satya Prakash,919721692661
Satya Prakash,9720443342
Satya Prakash,8009867824
Satya Prakash,918002719273
Satya Prakash,8294791191
Satya Prakash,8957349632
Satya prakash,919782137754
Satya Prakash,9304925669
Satya prakash,7735628698
Satya prakash,8383011644
Satya Prakash,917836893404
Satya Prakash,7518528918
Satya prakash,917763877576
SATYA PRAKASH,8328841983
Satya Prakash,6205389698
Satya Prakash,917503955156
Satya Prakash,9781398129
Satya Prakash,9403767143
Satya prakash,6201996606
Satya Prakash,9452447878
Satya Prakash,917903819861
Satya Prakash,919931642005
Satya prakash,919325738892
Satya prakash,917781898279
Satya prakash,919968943922
SATYA prakash,919034127517
satya prakash,918887965681
Satya Prakash,919006695850
Satya Prakash,9696588852
Satya prakash,9026882022
Satya prakash,919140988679
Satya Prakash,7667861120
Satya prakash,919870844388
Satya prakash,918802181925
Satya prakash,87656 77884
Satya Prakash,9161753125
Satya prakash,8658535720
Satya Prakash,8829953307
Satya Prakash,9818857627
Satya Prakash,919411978057
Satya Prakash,916302747311
satya prakash,9438683226
Satya prakash,919556575670
Satya Prakash,919560103438
Satya Prakash,8700674048
Satya Prakash,919536404127
Satya Prakash,9097831922
Satya Prakash,9449257540
Satya Prakash,919559254255
Satya Prakash,8273178356
Satya Prakash,6284009276
Satya Prakash,7982814360
satya Prakash,7619799102
Satya Prakash,919472807018
Satya prakash,9982902722
Satya prakash,6393974307
Satya Prakash,919721359657
satya prakash,9818454036
Satya Prakash,916309316923
Satya Prakash,9462296661
Satya prakash,9928601665
Satya prakash,7726843923
Satya Prakash,9015042524
Satya Prakash,9721799750
SATYA PRAKASH,8738811065
Satya Prakash,9934718124
Satya Prakash,9149790760
SATYA PRAKASH,9651281527
Satya prakash,9412813536
Satya prakash,7895048559
Satya Prakash,8433068327
Satya prakash,7300721919
satya prakash,7982446472
Satya Prakash,8810537164
Satya Prakash,7677520022
Satya Prakash,8709834651
Satya Prakash,7651830490
Satya prakash,7733880955
Satya Prakash,9997065961
Satya prakash,9354858133
Satya Prakash,9990893939
Satya Prakash,9718114299
SATYA PRAKASH,9420805547
Satya Prakash,9661061512
Satya Prakash,7248768110
Satya Prakash,9044025141
Satya Prakash,9369693986
Satya Prakash,9431419578
Satya Prakash,8076137430
SATYA PRAKASH,8210298903
Satya prakash,9455434313
Satya Prakash,7488170860
Satya prakash,7396489111
Satya prakash,9554300144
Satya Prakash,9990222318
Satya Prakash,9123489767
Satya prakash,9660498801
Satya Prakash,8076769080
Satya Prakash,8146470723
Satya prakash,8191884776
Satya prakash,9454118198
Satya Prakash,8210823879
Satya Prakash,7749045980
Satya Prakash,8317068087
Satya Prakash,7990198136
satya prakash,8917376836
Satya prakash,8840220084
Satya Prakash,9711136441
Satya Prakash,9711261724
Satya Prakash,9711516101
Satya Prakash,9711685792
Satya Prakash,9711746415
Satya Prakash,9711775596
Satya Prakash,9711954556
Satya Prakash,9716161467
Satya Prakash,9718667715
Satya Prakash,9871358048
Satya Prakash,9999620225
Satya Prakash,9958785808
Satya Prakash,9999010945
Satya Prakash,9968092356
Satya Prakash,9873324688
Satya Prakash,9899216016
Satya Prakash,9999226118
Satya Prakash,9811587590
Satya Prakash,9873557922
Satya Prakash,9899915249
Satya Prakash,9953906363
Satya Prakash,9891672019
Satya Prakash,9953301970
Satya Prakash,9873153148
Satya Prakash,9818270508
Satya Prakash,9899447643
Satya Prakash,9818430098
Satya Prakash,9899419815
Satya Prakash,9811660252
Satya Prakash,9873757149
Satya Prakash,9899386534
Satya Prakash,9999954656
Satya Prakash,9999462429
Satya Prakash,9891171560
Satya Prakash,9899654512
Satya Prakash,9899291561
Satya Prakash,9811315318
Satya Prakash,9891147847
Satya Prakash,9873231020
Satya Prakash,9899086225
Satya Prakash,9873933520
Satya Prakash,9953519436
Satya Prakash,9911879734
Satya Prakash,9899846827
Satya Prakash,9811134509
Satya Prakash,9999100667
Satya Prakash,9953142970
Satya Prakash,7838457716
Satya Prakash,9999717495
Satya Prakash,9899893613
Satya Prakash,9811483154
Satya Prakash,8800744743
Satya Prakash,9643310344
Satya Prakash,9643812202
Satya Prakash,9711537790
Satya Prakash,9873159692
Satya Prakash,9999161011
Satya Prakash,9911985658
Satya Prakash,9873935699
Satya Prakash,9711078789
Satya Prakash,9873973800
Satya Prakash,9953709999
Satya Prakash,9953999196
Satya Prakash,9811084611
Satya Prakash,7838328854
Satya Prakash,7838950130
Satya Prakash,8882005300
Satya Prakash,9711561208
Satya Prakash,9999768206
Satya Prakash,9999821582
Satya Prakash,9999755138
Satya Prakash,9811305270
Satya Prakash,9999401016
Satya Prakash,9873184405
Satya Prakash,9873002153
Satya Prakash,9873500253
Satya Prakash,8588835877
Satya Prakash,8588868963
Satya Prakash,8860214059
Satya Prakash,9015974390
Satya Prakash,9310308662
Satya Prakash,9555243089
Satya Prakash,9711133686
Satya Prakash,9716875088
Satya Prakash,9899555885
Satya Prakash,9953975831
Satya Prakash,9873264755
Satya Prakash,9899199588
Satya Prakash,8586077661
Satya Prakash,9873710296
Satya Prakash,9873158807
Satya Prakash,8860494155
Satya Prakash,9654338126
Satya Prakash,9711352319
Satya Prakash,9999557107
Satya Prakash,9999063468
Satya Prakash,9873263369
Satya Prakash,7838022251
Satya Prakash,9999133199
Satya Prakash,9953296489
Satya Prakash,8860221098
Satya Prakash,9899571383
Satya Prakash,9873426880
Satya Prakash,7838067945
Satya Prakash,8860710022
Satya Prakash,8860710033
Satya Prakash,9871528724
Satya Prakash,9899705003
Satya Prakash,9911980809
Satya Prakash,9999861377
Satya Prakash,9999963561
Satya Prakash,9811234540
Satya Prakash,9711721897
Satya Prakash,9811014337
Satya Prakash,9899320600
Satya Prakash,9990750076
Satya Prakash,9891242529
Satya Prakash,9999899967
Satya Prakash,7838022252
Satya Prakash,9953559801
Satya Prakash,9811820233
Satya Prakash,9811015047
Satya Prakash,9899338979
Satya Prakash,9711400047
Satya Prakash,9811181658
Satya Prakash,9311323785
Satya Prakash,9899063520
Satya Prakash,8860703225
Satya Prakash,9811298285
Satya Prakash,9711189089
Satya Prakash,9873297984
Satya Prakash,9711166316
Satya Prakash,9582333377
Satya Prakash,9999811168
Satya Prakash,9873154182
Satya Prakash,9899593670
Satya Prakash,7503222382
Satya Prakash,7838877546
Satya Prakash,8377004211
Satya Prakash,8377055976
Satya Prakash,8447842533
Satya Prakash,8588033471
Satya Prakash,8588849349
Satya Prakash,8744982036
Satya Prakash,8860063726
Satya Prakash,8860721158
Satya Prakash,8860963596
Satya Prakash,9015797123
Satya Prakash,9582217128
Satya Prakash,9582923176
Satya Prakash,9654360051
Satya Prakash,9654437573
Satya Prakash,9711035389
Satya Prakash,9540500535
Satya Prakash,9871793549
satya prakash,7840058538
SATYA PRAKASH,9910012590
SATYA PRAKASH,9971105213
Satya Prakash,9899412019
satya prakash,9873697440
SATYA PRAKASH,9717627942
Satya Prakash,9818009075
SATYA PRAKASH,9250004100
Satya Prakash,8527075535
Satya Prakash,9718019940
Satya Prakash,9911513030
SATYA PRAKASH,8447324009
SATYA PRAKASH,9811198922
SATYA PRAKASH,9650026902
Satya Prakash,9213099585
Satya prakash,8400099393
Satya Prakash,8287698981
Satya Prakash,8341609294
Satya Prakash,9560477856
Satya Prakash,9818092196
Satya Prakash,9810278133
Satya Prakash,9810338567
Satya Prakash,9939145833
Satya Prakash,9250000570
Satya Prakash,9880083091
Satya Prakash,9015518478
satya prakash,7799887423
Satya Prakash,8510088101
satya prakash,8744077760
Satya Prakash,8050300036
Satya Prakash,9352680033
Satya Prakash,7504555607
Satya Prakash,9810479467
Satya prakash,8083264807
Satya Prakash,9771455353
Satya Prakash,9891595068
satya prakash,8802858126
Satya Prakash,9910623700
satya prakash,9471479457
Satya Prakash,9312263615
Satya Prakash,8899091940
Satya Prakash,7537000775
SATYA PRAKASH,7087945556
Satya Prakash,9570200000
satya prakash,8130135585
satya prakash,9785594543
satya prakash,9554960135
Satya Prakash,7897826241
Satya Prakash,9813312218
Satya Prakash,9776679438
satya prakash,9709629707
SATYA PRAKASH,9826382558
Satya Prakash,9911441474
Satya Prakash,9891243844
Satya Prakash,9717178733
Satya Prakash,9718184875
Satya Prakash,9650088534
Satya Prakash,9443377951
Satya Prakash,9414647587
satya prakash,9000661946.0
satya prakash,9911597714.0
Satya Prakash,9810180804.0
Satya Prakash,9887384349.0
Satya Prakash,9310005206.0
Satya Prakash,9820125440.0
Satya Prakash,9213511631.0
Satya Prakash,9871104005.0
Satya Prakash,9310232712.0
Satya Prakash,9312254987.0
Satya Prakash,8430504656.0
Satya Prakash,9311126321.0
Satya Prakash,9334445537.0
Satya Prakash,8459808866.0
Satya Prakash,9910133387.0
Satya Prakash,7208860007.0
Satya Prakash,9003747433.0
Satya Prakash,9868864637.0
Satya Prakash,9211424262.0
Satya Prakash,9773188279.0
Satya Prakash,9873237906.0
Satya Prakash,9627692982.0
Satya Prakash,9428153070.0
Satya Prakash,9419193775.0
Satya Prakash,9210264905.0
Satya Prakash,9310410226.0
Satya prakash,8520134589.0
Satya Prakash,9247695169.0
satya prakash,919766912616
SATYA PRAKASH,919815625005
satya prakash,919911513030
SATYA PRAKASH,919302077919
satya prakash,919911566616
Satya Prakash,919838965513
satya prakash,919555976109
Satya Prakash,919981835292
SATYA PRAKASH,919999960267
satya prakash,919431413709
Satya Prakash,919449823212
satya prakash,919414162941
satya Prakash,919634585242
satya prakash,919896401516
Satya Prakash,919810252842
SATYA PRAKASH,919958097496
SATYA PRAKASH,919831212492
satya prakash,919449879034
SATYA PRAKASH,919411598292
Satya Prakash,919347356807
SATYA PRAKASH,9199705750
SATYA PRAKASH,919823294301
Satya Prakash,919911691007
SATYA PRAKASH,9820645527
Satya Prakash,9702329989
satya prakash,9386024882
satya prakash,9331543291
Shashi Ranjan Singh,919430025852
SHASHI RANJAN Singh,917488284446
SHASHI RANJAN SINGH,9142970553
Shashi Ranjan Singh,7903055878
Shashi Ranjan Singh,8294457599
Shashi Ranjan Singh,9899636658
Shashi Ranjan Singh,8588817721
Shashi Ranjan Singh,7503161851
Shashi Ranjan Singh,9654365952
Shashi Ranjan Singh,9654409216
Shashi Ranjan Singh,9999961890
shibu kumar,917484914799
SHIBU Kumar,6299329697
Shibu Kumar,7042890982
SHIBU KUMAR,8083158248
shibu kumar,6206118447
SHIBU KUMAR,9708179509
Shibu kumar,8560874726
shibu kumar,9559490016
Shibu Kumar,9840772222
Shibu Kumar,9092600585
Shibu Kumar,9884110368
Shibu Kumar,9709166585
Shibu Kumar,8156914751.0
Shibu Kumar,919895544111
SHIBU KUMAR,919846440457
Sudip Mukhopadhyay,9711555549
Sudip Mukhopadhyay,9845666022
